,type,subj,session,filter_freq,kernel_gain,norm_gain
0,controls,1,1.0,100,-0.10203290595320666,-0.21533623926376635
1,controls,1,1.0,191,-0.5506216293024457,-1.162064236077459
2,controls,1,1.0,293,-0.6339602471813557,-1.3379469514802202
3,controls,1,1.0,406,-1.0985191304132202,-2.3183793119738296
4,controls,1,1.0,533,-0.908431477402527,-1.9172071612113042
5,controls,1,1.0,673,0.5055621140219432,1.0669679877357572
6,controls,1,1.0,830,0.6146800060103381,1.297256797778537
7,controls,1,1.0,1004,-0.1265945767105707,-0.2671726322539963
8,controls,1,1.0,1199,0.5828205099909182,1.2300186456003845
9,controls,1,1.0,1416,-0.02238077964780813,-0.0472337122629857
10,controls,1,1.0,1657,-0.05323149869223408,-0.11234288224640668
11,controls,1,1.0,1926,-0.5545169612390426,-1.1702851734512851
12,controls,1,1.0,2226,-0.20812828030336125,-0.43924615050672594
13,controls,1,1.0,2560,0.5602915953140972,1.182472300469082
14,controls,1,1.0,2932,-0.20139414468247585,-0.4250340350548867
15,controls,1,1.0,3346,0.35842119907496145,0.7564331561487424
16,controls,1,1.0,3808,0.5016242778043383,1.0586573468301206
17,controls,1,1.0,4322,-0.1520341093249908,-0.3208617164826612
18,controls,1,1.0,4895,-0.23501052190316601,-0.49598001253881097
19,controls,1,1.0,5534,-0.3698600718409871,-0.7805744252799219
20,controls,1,1.0,6245,-0.133975737490576,-0.2827502676150482
21,controls,1,1.0,7037,0.4745879222782422,1.0015982337136358
22,controls,1,1.0,7920,-0.22919601829835773,-0.48370874252304524
23,controls,1,1.0,8904,0.15668719915029025,0.33068187062387516
24,controls,1,1.0,10000,0.502133535104899,1.059732113356624
25,controls,2,1.0,100,-0.203622816333457,-0.417676578344679
26,controls,2,1.0,191,-0.2754148257478818,-0.5649382722189081
27,controls,2,1.0,293,-0.5592382607351025,-1.1471245090763815
28,controls,2,1.0,406,-0.7787397583788478,-1.5973718641037966
29,controls,2,1.0,533,-0.33575130013004384,-0.6887020656046794
30,controls,2,1.0,673,0.9922254294849547,2.035279394501534
31,controls,2,1.0,830,0.9083488720036573,1.8632295517435011
32,controls,2,1.0,1004,0.02436265162736273,0.04997332398377368
33,controls,2,1.0,1199,1.1549655112511268,2.3690962119662062
34,controls,2,1.0,1416,0.17050870353909758,0.3497520226592401
35,controls,2,1.0,1657,-0.1486157324910403,-0.3048445736719076
36,controls,2,1.0,1926,-0.3370142485604422,-0.6912926592745495
37,controls,2,1.0,2226,0.15978211324131264,0.32774935314725817
38,controls,2,1.0,2560,0.5549218062550801,1.1382704819577119
39,controls,2,1.0,2932,0.22859486388841294,0.46889991158810995
40,controls,2,1.0,3346,0.05075280384667834,0.1041055115226604
41,controls,2,1.0,3808,0.11906792448693776,0.24423531795604284
42,controls,2,1.0,4322,0.023773189549582935,0.04876420357111904
43,controls,2,1.0,4895,-0.314512856892801,-0.6451372016054885
44,controls,2,1.0,5534,-0.008440867967622275,-0.01731413460661578
45,controls,2,1.0,6245,-0.22542064146429142,-0.4623888614765111
46,controls,2,1.0,7037,-0.5008559788889237,-1.0273692077965222
47,controls,2,1.0,7920,0.25451073503212057,0.5220592410730683
48,controls,2,1.0,8904,0.22207422252690662,0.4555245972617102
49,controls,2,1.0,10000,0.7522078754664185,1.542948954768541
50,controls,3,1.0,100,-1.9685208495728983,-2.912388735371557
51,controls,3,1.0,191,-1.2821795851208886,-1.896960035368509
52,controls,3,1.0,293,-1.1223553578564995,-1.660503165112214
53,controls,3,1.0,406,-0.549231039616572,-0.8125767594703235
54,controls,3,1.0,533,-0.2500167665789572,-0.36989499745281224
55,controls,3,1.0,673,0.6943220855859343,1.0272361713714617
56,controls,3,1.0,830,-0.3462117780121633,-0.5122136667002282
57,controls,3,1.0,1004,-0.32429262747385496,-0.47978470506106996
58,controls,3,1.0,1199,0.9198278646467986,1.360867634223655
59,controls,3,1.0,1416,-0.2229655271849208,-0.3298732090597026
60,controls,3,1.0,1657,-0.34521889285075846,-0.5107447122005995
61,controls,3,1.0,1926,-0.007459147155292466,-0.011035664750650685
62,controls,3,1.0,2226,-0.22663662662831088,-0.335304530078059
63,controls,3,1.0,2560,0.2654056424514515,0.39266254332402184
64,controls,3,1.0,2932,-0.01822159509782705,-0.026958499481947118
65,controls,3,1.0,3346,0.3864970652818795,0.5718149743881729
66,controls,3,1.0,3808,0.17548666120939033,0.2596291400342959
67,controls,3,1.0,4322,0.08981271041648756,0.13287617764725107
68,controls,3,1.0,4895,0.27636714438627275,0.4088798746083988
69,controls,3,1.0,5534,-0.02868331079352926,-0.04243640663819267
70,controls,3,1.0,6245,-0.17293870677676254,-0.2558594904573381
71,controls,3,1.0,7037,0.6454241966260257,0.9548926851334647
72,controls,3,1.0,7920,1.1652136000619864,1.7239111101406688
73,controls,3,1.0,8904,0.05423896274179691,0.08024550217068815
74,controls,3,1.0,10000,0.6014025106779226,0.8897634474649195
75,controls,4,1.0,100,0.07026720607120285,0.09878465333870144
76,controls,4,1.0,191,-0.4729662030008873,-0.6649161823371862
77,controls,4,1.0,293,-0.653782660828524,-0.9191157172715236
78,controls,4,1.0,406,-1.9218815727727223,-2.7018635796051336
79,controls,4,1.0,533,-1.7939675823973666,-2.522036603368234
80,controls,4,1.0,673,1.3468182932744006,1.893414946319577
81,controls,4,1.0,830,1.1628994117823654,1.6348538910782158
82,controls,4,1.0,1004,0.6479796402000818,0.9109575818745206
83,controls,4,1.0,1199,0.025121851222775687,0.03531737638399386
84,controls,4,1.0,1416,-0.2902595659552457,-0.40805935235386914
85,controls,4,1.0,1657,0.11244396683010272,0.15807855334513368
86,controls,4,1.0,1926,0.05979343801480559,0.08406018079381695
87,controls,4,1.0,2226,0.0874806257224065,0.12298401728231237
88,controls,4,1.0,2560,-0.3622989399565347,-0.5093353954093345
89,controls,4,1.0,2932,0.5314099170335344,0.7470788632425722
90,controls,4,1.0,3346,-0.31006220251214617,-0.4358987485223103
91,controls,4,1.0,3808,-0.0425264498972405,-0.059785508001665245
92,controls,4,1.0,4322,-0.29906319045672825,-0.4204358654262945
93,controls,4,1.0,4895,0.15693355165780143,0.22062392066674827
94,controls,4,1.0,5534,0.3108628656789687,0.43702435515729565
95,controls,4,1.0,6245,0.7734734968567769,1.0873822302859912
96,controls,4,1.0,7037,-0.03178051965767296,-0.04467841818167324
97,controls,4,1.0,7920,0.023383956073860762,0.032874168813586
98,controls,4,1.0,8904,0.24648431450531183,0.34651822554552125
99,controls,4,1.0,10000,0.05931403600412469,0.08338621687689386
100,controls,5,1.0,100,-0.549230853945008,-1.4026467407557548
101,controls,5,1.0,191,-0.28400727076105664,-0.7253086199046993
102,controls,5,1.0,293,-0.6885857614357389,-1.7585366282160182
103,controls,5,1.0,406,-0.3606255467090506,-0.9209793005826991
104,controls,5,1.0,533,-0.4298916820357954,-1.0978738036190006
105,controls,5,1.0,673,0.12069593249702806,0.3082378841673443
106,controls,5,1.0,830,0.17835141539763189,0.4554806593981187
107,controls,5,1.0,1004,0.37644239369260135,0.9613729687664083
108,controls,5,1.0,1199,1.1744860317869343,2.999447304746737
109,controls,5,1.0,1416,-0.06543569665096051,-0.1671121823861371
110,controls,5,1.0,1657,-0.36092239128994846,-0.9217373936157409
111,controls,5,1.0,1926,0.006312915967822283,0.016122166013305357
112,controls,5,1.0,2226,0.17699908986357643,0.45202703877728306
113,controls,5,1.0,2560,0.5046157069429035,1.2887068736100051
114,controls,5,1.0,2932,0.15828403429202284,0.4042318147618259
115,controls,5,1.0,3346,0.23260244313086556,0.5940290069392227
116,controls,5,1.0,3808,0.5050904085523577,1.2899191847184395
117,controls,5,1.0,4322,-0.17261113108701667,-0.44082090199107765
118,controls,5,1.0,4895,-0.23767681689044803,-0.6069881365367881
119,controls,5,1.0,5534,0.022159103062288688,0.05659076409334813
120,controls,5,1.0,6245,0.25341969815693977,0.6471929082460636
121,controls,5,1.0,7037,-0.009124715295581787,-0.023303046574571093
122,controls,5,1.0,7920,-0.2720983961499966,-0.6948952808883432
123,controls,5,1.0,8904,-0.33780385857114137,-0.8626964014060483
124,controls,5,1.0,10000,-0.015670244999523616,-0.04001927043528167
125,controls,6,1.0,100,-0.0869985132332522,-0.2410611322612546
126,controls,6,1.0,191,0.6916458496376185,1.9164572524409
127,controls,6,1.0,293,0.44869408991908905,1.2432707334300435
128,controls,6,1.0,406,-0.6265726738338611,-1.7361482694927435
129,controls,6,1.0,533,0.02028339778960586,0.05620255629149028
130,controls,6,1.0,673,-0.8318129457653105,-2.304841348244033
131,controls,6,1.0,830,0.22712968352850918,0.6293456824339813
132,controls,6,1.0,1004,-0.04604797274874577,-0.1275927143649774
133,controls,6,1.0,1199,0.17699431474365562,0.4904273455974729
134,controls,6,1.0,1416,0.16215005871760443,0.4492959166542925
135,controls,6,1.0,1657,0.08676677862843962,0.24041902696377143
136,controls,6,1.0,1926,-0.060723587387979304,-0.1682568607978995
137,controls,6,1.0,2226,0.663801864326302,1.8393053290762345
138,controls,6,1.0,2560,-0.20724219131751628,-0.5742401270394272
139,controls,6,1.0,2932,0.05085757704190785,0.14091947839288377
140,controls,6,1.0,3346,0.05060324491574889,0.1402147584152226
141,controls,6,1.0,3808,0.2501323420607474,0.6930829430459357
142,controls,6,1.0,4322,-0.19167362946335886,-0.5311017444537335
143,controls,6,1.0,4895,0.061335870286965494,0.16995341403091957
144,controls,6,1.0,5534,0.4984005121692797,1.3810005173421112
145,controls,6,1.0,6245,-0.1448147965316602,-0.40126224601689364
146,controls,6,1.0,7037,-0.012100096714015976,-0.0335277340490976
147,controls,6,1.0,7920,-0.08683674562936562,-0.24061289607529204
148,controls,6,1.0,8904,0.6477513112397435,1.7948314138715975
149,controls,6,1.0,10000,0.27021575856328717,0.7487313781955857
150,controls,7,1.0,100,-0.09688530608693957,-0.28237115407953317
151,controls,7,1.0,191,-0.07758083331619955,-0.22610848148933327
152,controls,7,1.0,293,0.12981252554386072,0.37833717136534983
153,controls,7,1.0,406,-0.823959062371737,-2.4014195831452403
154,controls,7,1.0,533,-0.8240839835676813,-2.4017836645905333
155,controls,7,1.0,673,0.5093063974615372,1.4843678679432912
156,controls,7,1.0,830,0.16982939251520124,0.4949658879965893
157,controls,7,1.0,1004,0.25807472091547123,0.7521559225736762
158,controls,7,1.0,1199,0.13065604302517977,0.380795593744411
159,controls,7,1.0,1416,0.05869503648893973,0.17106603531034742
160,controls,7,1.0,1657,-0.3936309090544179,-1.1472329351091877
161,controls,7,1.0,1926,-0.4834906571653871,-1.4091281780949658
162,controls,7,1.0,2226,0.18739418269899247,0.5461582749093307
163,controls,7,1.0,2560,-0.12415377916084575,-0.3618448175570078
164,controls,7,1.0,2932,-0.08890966930107302,-0.25912624879200263
165,controls,7,1.0,3346,0.3953162614158652,1.152144875944731
166,controls,7,1.0,3808,0.15448027079567833,0.450231042341463
167,controls,7,1.0,4322,-0.43000692238215976,-1.2532504240248943
168,controls,7,1.0,4895,0.4000823516470054,1.166035593261623
169,controls,7,1.0,5534,0.3948504685894402,1.1507873278987808
170,controls,7,1.0,6245,0.16672482721062226,0.4859176667195404
171,controls,7,1.0,7037,0.04589701723742334,0.13376634961043388
172,controls,7,1.0,7920,-0.10445003973214581,-0.3044184867037845
173,controls,7,1.0,8904,0.025362961055920008,0.07392006975555002
174,controls,7,1.0,10000,-0.08897517337268887,-0.25931715968495556
175,controls,8,1.0,100,-1.2239080422741193,-1.9620147141294346
176,controls,8,1.0,191,-0.708258282086078,-1.1353901787220124
177,controls,8,1.0,293,-0.9081324787051621,-1.4558032336217785
178,controls,8,1.0,406,-2.095465535200069,-3.3591855523511858
179,controls,8,1.0,533,-0.10154760236290367,-0.16278828403674997
180,controls,8,1.0,673,0.261812495200499,0.4197047083470931
181,controls,8,1.0,830,0.006811684348458247,0.010919631588373016
182,controls,8,1.0,1004,-0.0020309424001272725,-0.00325575021567396
183,controls,8,1.0,1199,0.7481783914096605,1.1993850534815511
184,controls,8,1.0,1416,0.010679906950829765,0.017120677256215067
185,controls,8,1.0,1657,0.15185033651296245,0.24342727091682134
186,controls,8,1.0,1926,0.06615093841254642,0.10604482529400452
187,controls,8,1.0,2226,-0.1868041301480529,-0.2994607759334763
188,controls,8,1.0,2560,0.6865457806017159,1.1005834400443901
189,controls,8,1.0,2932,-0.38604615903118555,-0.6188604194028952
190,controls,8,1.0,3346,-0.0684522363754973,-0.10973397538449348
191,controls,8,1.0,3808,0.3765167014583112,0.6035839972127841
192,controls,8,1.0,4322,-0.08130593672283178,-0.13033940352239645
193,controls,8,1.0,4895,0.049839176175003955,0.07989586931200662
194,controls,8,1.0,5534,0.3714012104773995,0.5953834884916418
195,controls,8,1.0,6245,0.784034315250461,1.2568647396462398
196,controls,8,1.0,7037,0.0651162039868392,0.10438606981701493
197,controls,8,1.0,7920,0.3202060943831201,0.5133139476445167
198,controls,8,1.0,8904,0.38577770189782756,0.6184300628503042
199,controls,8,1.0,10000,0.1663168554561794,0.26661816602368327
200,controls,9,1.0,100,-1.3314080084380975,-1.9923415655943324
201,controls,9,1.0,191,-1.0176128106803592,-1.522773100019264
202,controls,9,1.0,293,-0.7085648675556431,-1.0603085069369902
203,controls,9,1.0,406,-0.9691046534026072,-1.4501846692735088
204,controls,9,1.0,533,-1.4642087847389642,-2.1910669036503965
205,controls,9,1.0,673,-0.38644101294142935,-0.578276897730846
206,controls,9,1.0,830,0.2447177985920495,0.3661998717790882
207,controls,9,1.0,1004,-0.30850649440173633,-0.46165436001352705
208,controls,9,1.0,1199,1.2508118931663095,1.8717361693042882
209,controls,9,1.0,1416,0.22417548579476262,0.33546000587765973
210,controls,9,1.0,1657,0.6148081971707282,0.9200094323665086
211,controls,9,1.0,1926,0.31502913738992755,0.47141495380637266
212,controls,9,1.0,2226,-0.0008065268409883017,-0.0012069004684398324
213,controls,9,1.0,2560,-0.03211839351825589,-0.04806250977985761
214,controls,9,1.0,2932,0.596126491270986,0.8920538102398781
215,controls,9,1.0,3346,0.4086007980563724,0.6114371766906614
216,controls,9,1.0,3808,0.2928715201110962,0.43825791883334814
217,controls,9,1.0,4322,-0.3990707519175658,-0.597176253724868
218,controls,9,1.0,4895,0.43177043336779675,0.6461086126427151
219,controls,9,1.0,5534,0.08667564758316891,0.1297029117372793
220,controls,9,1.0,6245,0.221523119242879,0.3314909595034314
221,controls,9,1.0,7037,-0.020095105398554136,-0.030070657151526306
222,controls,9,1.0,7920,-0.1525797084717832,-0.22832286821769793
223,controls,9,1.0,8904,0.6859151868418232,1.0264151398792678
224,controls,9,1.0,10000,0.9322489371632559,1.3950331492826151
225,controls,10,1.0,100,-0.5240734548379327,-1.190132902305662
226,controls,10,1.0,191,-0.16321556658785563,-0.3706507440349903
227,controls,10,1.0,293,-0.490083969126153,-1.1129452391935382
228,controls,10,1.0,406,-0.9865850661600084,-2.240463311624017
229,controls,10,1.0,533,-0.5540788583309608,-1.2582730029239109
230,controls,10,1.0,673,0.6725026447920421,1.5272048547127746
231,controls,10,1.0,830,0.7503573013466851,1.7040071474219933
232,controls,10,1.0,1004,0.4171387011135886,0.9472918126980011
233,controls,10,1.0,1199,0.6747449904998235,1.5322970595946261
234,controls,10,1.0,1416,0.2241541006174837,0.5090377462718458
235,controls,10,1.0,1657,-0.34872157724280106,-0.7919214739638502
236,controls,10,1.0,1926,0.2882963225323335,0.6547000919280691
237,controls,10,1.0,2226,-0.0729659278012903,-0.16570034338111939
238,controls,10,1.0,2560,0.3255058887601891,0.73920032493832
239,controls,10,1.0,2932,-0.2380162392790788,-0.5405176603281485
240,controls,10,1.0,3346,0.15905392846926422,0.36119996493770384
241,controls,10,1.0,3808,0.17143940602200064,0.38932648844353224
242,controls,10,1.0,4322,-0.7507315552653138,-1.7048570509961298
243,controls,10,1.0,4895,-0.08534449978331415,-0.193811184835437
244,controls,10,1.0,5534,0.24368955211186444,0.5534013433405979
245,controls,10,1.0,6245,-0.07111500145026774,-0.1614970235415795
246,controls,10,1.0,7037,0.25527358250684595,0.5797078383311518
247,controls,10,1.0,7920,-0.013963466207172703,-0.03171002158185753
248,controls,10,1.0,8904,0.24341854347877873,0.5527859023407404
249,controls,10,1.0,10000,0.37913439120935505,0.8609867742937253
250,patients,1,1.0,100,-1.9506471391732636,-3.170298177806879
251,patients,1,1.0,191,-0.8911367852716927,-1.4483241329443672
252,patients,1,1.0,293,-0.49919110694694113,-0.8113126279733135
253,patients,1,1.0,406,0.7020117617060303,1.1409478240533486
254,patients,1,1.0,533,0.5019806393049091,0.8158463281868474
255,patients,1,1.0,673,0.597687210966738,0.9713938711792908
256,patients,1,1.0,830,0.4117321571242307,0.669169570068255
257,patients,1,1.0,1004,0.44988646948016625,0.7311800405979291
258,patients,1,1.0,1199,0.9089407956614215,1.4772601821983262
259,patients,1,1.0,1416,-0.5184537513299876,-0.8426193287911746
260,patients,1,1.0,1657,-0.012339516053382127,-0.020054854859929288
261,patients,1,1.0,1926,-0.23782982329765742,-0.38653400724656795
262,patients,1,1.0,2226,0.5436121118996528,0.8835080692859942
263,patients,1,1.0,2560,0.16138122533992702,0.26228557402967967
264,patients,1,1.0,2932,0.012267584632342447,0.019937947989142904
265,patients,1,1.0,3346,-0.32613174975026277,-0.5300471167719428
266,patients,1,1.0,3808,0.37005496458540404,0.6014335224210374
267,patients,1,1.0,4322,0.03792021122302458,0.0616299965935195
268,patients,1,1.0,4895,-0.5428569365596048,-0.8822807171132719
269,patients,1,1.0,5534,0.2019302385613854,0.32818804308532884
270,patients,1,1.0,6245,0.6059253434985159,0.9847829337265519
271,patients,1,1.0,7037,-0.26462086042348154,-0.4300762627759584
272,patients,1,1.0,7920,0.08806170831746368,0.14312269390338875
273,patients,1,1.0,8904,-0.6725272646312958,-1.093028010432316
274,patients,1,1.0,10000,-0.4374630654667608,-0.7109888464475863
275,patients,1,2.0,100,-1.778603384243115,-2.9645234147096353
276,patients,1,2.0,191,-0.6273794040145927,-1.0456973991980278
277,patients,1,2.0,293,-0.5534469119891356,-0.9224689123644833
278,patients,1,2.0,406,0.11835978822006245,0.19727858759684413
279,patients,1,2.0,533,1.3424553703892936,2.2375648297865665
280,patients,1,2.0,673,0.5668314912047601,0.9447779323698847
281,patients,1,2.0,830,-0.05120568472275962,-0.08534811789501853
282,patients,1,2.0,1004,0.0956120773654204,0.15936337723738092
283,patients,1,2.0,1199,0.9146780040117166,1.5245581920257747
284,patients,1,2.0,1416,-0.3703220334056708,-0.6172417913627078
285,patients,1,2.0,1657,-0.5047932950825567,-0.8413745054789116
286,patients,1,2.0,1926,-0.14273111538017189,-0.23789999350091479
287,patients,1,2.0,2226,0.011188097033531408,0.018647988593624345
288,patients,1,2.0,2560,-0.18286128724547526,-0.304787774770734
289,patients,1,2.0,2932,-0.02278322883922263,-0.03797441068364186
290,patients,1,2.0,3346,0.34960692746323324,0.5827144666378198
291,patients,1,2.0,3808,0.7199618358945645,1.2000110531190982
292,patients,1,2.0,4322,0.4388481312306644,0.7314590605530089
293,patients,1,2.0,4895,-0.3460627604697801,-0.5768071541190121
294,patients,1,2.0,5534,0.23768910456047054,0.3961731559342215
295,patients,1,2.0,6245,0.24387159797676433,0.4064779527519171
296,patients,1,2.0,7037,0.21465954854468733,0.35778817441221145
297,patients,1,2.0,7920,0.22159609439838113,0.36934980348739344
298,patients,1,2.0,8904,-0.25807053070438524,-0.4301443130590138
299,patients,1,2.0,10000,-0.6874364492969456,-1.145798702577464
300,patients,1,3.0,100,-1.355602444785902,-2.652879168184273
301,patients,1,3.0,191,-0.26949630606157937,-0.527397349424441
302,patients,1,3.0,293,-0.17879999198637203,-0.3499069921543817
303,patients,1,3.0,406,0.25446842620526544,0.49798817451026645
304,patients,1,3.0,533,0.7839868604836673,1.5342421506445343
305,patients,1,3.0,673,0.7578585812430625,1.4831097792295143
306,patients,1,3.0,830,-0.08687665156188246,-0.1700153758327882
307,patients,1,3.0,1004,0.559595554609744,1.095114128144831
308,patients,1,3.0,1199,0.6085795187965467,1.1909744879915387
309,patients,1,3.0,1416,-0.5636519920110113,-1.1030524719566595
310,patients,1,3.0,1657,0.3515818226691658,0.6880365972035366
311,patients,1,3.0,1926,-0.41786517761389774,-0.8177514204591224
312,patients,1,3.0,2226,0.006290432389500722,0.012310214627573703
313,patients,1,3.0,2560,0.08270554370014636,0.16185262487493127
314,patients,1,3.0,2932,0.332741825355563,0.6511672063329719
315,patients,1,3.0,3346,0.42546627597657877,0.8326265747340624
316,patients,1,3.0,3808,0.5387991074817066,1.054416015235386
317,patients,1,3.0,4322,0.6008832183920929,1.1759130257659463
318,patients,1,3.0,4895,-0.6687339133605734,-1.3086950931936394
319,patients,1,3.0,5534,0.1952257907568025,0.38205185848039663
320,patients,1,3.0,6245,0.43038281254399247,0.8422481105239067
321,patients,1,3.0,7037,-0.14158167571480085,-0.27707170309783324
322,patients,1,3.0,7920,0.007008008548204991,0.013714492740477889
323,patients,1,3.0,8904,-0.43585469584977826,-0.8529564456176422
324,patients,1,3.0,10000,-0.4407557557983168,-0.8625476940618374
325,patients,2,1.0,100,0.05014519884200039,0.07787992400572925
326,patients,2,1.0,191,-0.598764841009051,-0.9299346974775546
327,patients,2,1.0,293,-1.1041900874197799,-1.7149047582219443
328,patients,2,1.0,406,-0.7325970511470317,-1.1377879435660876
329,patients,2,1.0,533,-0.13052649905983332,-0.20271918473278494
330,patients,2,1.0,673,0.04568358150867996,0.07095063811424314
331,patients,2,1.0,830,0.7145116415303583,1.1096997046302537
332,patients,2,1.0,1004,1.9697671933464065,3.059222475319177
333,patients,2,1.0,1199,0.6906690886515395,1.0726701135789618
334,patients,2,1.0,1416,0.4761712796512212,0.7395360658513763
335,patients,2,1.0,1657,-0.6704512686762235,-1.041270052962983
336,patients,2,1.0,1926,-0.17235099653074495,-0.2676763243958585
337,patients,2,1.0,2226,0.4349253764659189,0.675477534231226
338,patients,2,1.0,2560,0.22955384682521718,0.3565174046332998
339,patients,2,1.0,2932,0.4084600487644561,0.6343745421647092
340,patients,2,1.0,3346,-0.6759661721620812,-1.049835185304582
341,patients,2,1.0,3808,0.4400268278985051,0.6834005390066297
342,patients,2,1.0,4322,-0.07700663877874586,-0.11959811336917472
343,patients,2,1.0,4895,-0.7631352753108542,-1.1852165036689624
344,patients,2,1.0,5534,0.4821978961189157,0.7488959336623423
345,patients,2,1.0,6245,-0.3730695845869408,-0.5794100246371839
346,patients,2,1.0,7037,-0.11044875956100252,-0.1715366814725507
347,patients,2,1.0,7920,-0.7525178337838748,-1.168726678952905
348,patients,2,1.0,8904,0.2074784676633391,0.32223239048983726
349,patients,2,1.0,10000,0.11887134548773567,0.18461770153137028
350,patients,3,1.0,100,-1.6749387987290127,-2.730970226093045
351,patients,3,1.0,191,-0.8130003150501206,-1.3255885265127005
352,patients,3,1.0,293,-0.8387919843295959,-1.3676415740252033
353,patients,3,1.0,406,-1.2598841018937175,-2.054227875794994
354,patients,3,1.0,533,0.2660163040151583,0.4337368066654059
355,patients,3,1.0,673,0.6978100108925833,1.1377719380931424
356,patients,3,1.0,830,0.9460978165211864,1.54260261321287
357,patients,3,1.0,1004,0.4408892443756822,0.7188653103673502
358,patients,3,1.0,1199,0.6659942177696457,1.0858966195416757
359,patients,3,1.0,1416,0.33190496997035424,0.5411675886719924
360,patients,3,1.0,1657,-0.3868548227941927,-0.6307627500617531
361,patients,3,1.0,1926,0.5716671759911879,0.9320973626327784
362,patients,3,1.0,2226,-0.1291958158807334,-0.2106524290761062
363,patients,3,1.0,2560,-0.05287761935961994,-0.08621640635907603
364,patients,3,1.0,2932,0.2599490601797346,0.4238442289296928
365,patients,3,1.0,3346,-0.7388441784738256,-1.204677719965245
366,patients,3,1.0,3808,-0.32623872452461433,-0.5319288346245052
367,patients,3,1.0,4322,0.10739852754280832,0.17511217799015025
368,patients,3,1.0,4895,0.2914062994076084,0.4751349290983195
369,patients,3,1.0,5534,0.007731281459016054,0.012605773709546771
370,patients,3,1.0,6245,-0.09223222235549486,-0.150383675708262
371,patients,3,1.0,7037,-0.17969787800045944,-0.29299551415475517
372,patients,3,1.0,7920,-0.06791993468496577,-0.11074274446539684
373,patients,3,1.0,8904,0.23554110110781362,0.38404730646560326
374,patients,3,1.0,10000,0.17999938264638374,0.293487114332429
375,patients,3,2.0,100,-1.7753507321713182,-2.3337227419388245
376,patients,3,2.0,191,-0.3585398151150252,-0.47130547517285304
377,patients,3,2.0,293,-1.442101130410903,-1.8956615970183683
378,patients,3,2.0,406,-1.530878422375511,-2.0123605576638277
379,patients,3,2.0,533,0.4083868045445506,0.5368300223740661
380,patients,3,2.0,673,1.1450966131129818,1.5052451097764343
381,patients,3,2.0,830,0.9511504799160724,1.250300273496587
382,patients,3,2.0,1004,-0.13983136195508022,-0.18381023170094368
383,patients,3,2.0,1199,1.5944960531667678,2.095986800679057
384,patients,3,2.0,1416,-0.25541378351846866,-0.335744900655591
385,patients,3,2.0,1657,0.28062700248609085,0.36888802073657856
386,patients,3,2.0,1926,-0.11299624882704887,-0.14853510963377087
387,patients,3,2.0,2226,-0.2979408729031772,-0.3916473394509819
388,patients,3,2.0,2560,-0.25185512987161696,-0.3310670019193879
389,patients,3,2.0,2932,-0.2465045567360274,-0.3240336005848468
390,patients,3,2.0,3346,-0.3321118681227385,-0.4365655785422747
391,patients,3,2.0,3808,-0.5240242732051061,-0.688837051488432
392,patients,3,2.0,4322,-0.3268549121536197,-0.42965523824940255
393,patients,3,2.0,4895,-0.39467225563841046,-0.5188020608576692
394,patients,3,2.0,5534,-0.01785582296432059,-0.02347172272653071
395,patients,3,2.0,6245,-0.12873925789340057,-0.16922950968606923
396,patients,3,2.0,7037,0.052042896407188614,0.068411096861565
397,patients,3,2.0,7920,0.2965316624279117,0.38979491306857156
398,patients,3,2.0,8904,0.40908366934695245,0.5377460606576299
399,patients,3,2.0,10000,0.726355977195363,0.9548048349020205
400,patients,3,3.0,100,-2.148781925744686,-2.665138019911131
401,patients,3,3.0,191,-1.9584604082565757,-2.4290819054271284
402,patients,3,3.0,293,-0.7654216917633756,-0.9493538769767438
403,patients,3,3.0,406,-0.2956110786213146,-0.36664694322927505
404,patients,3,3.0,533,-0.1790460193808613,-0.2220710942550885
405,patients,3,3.0,673,0.7513116183746731,0.9318531280168721
406,patients,3,3.0,830,1.4825731038512404,1.8388380407668583
407,patients,3,3.0,1004,0.41761782042162165,0.5179721206991987
408,patients,3,3.0,1199,1.2272752553387796,1.522191668084684
409,patients,3,3.0,1416,-0.3838022941037014,-0.47603066364698465
410,patients,3,3.0,1657,-0.14158003171280117,-0.1756019635390603
411,patients,3,3.0,1926,-0.41175256592809434,-0.5106974351855736
412,patients,3,3.0,2226,-0.18311352299580183,-0.22711602617694795
413,patients,3,3.0,2560,0.3195075114842793,0.3962857311399047
414,patients,3,3.0,2932,0.37211277367043366,0.46153213079543287
415,patients,3,3.0,3346,-0.8571887500487263,-1.0631727215423363
416,patients,3,3.0,3808,-0.035166151894127834,-0.04361664034126182
417,patients,3,3.0,4322,0.4809443133205601,0.596516081754764
418,patients,3,3.0,4895,-0.2264505078858853,-0.28086696512290366
419,patients,3,3.0,5534,0.02421715785813454,0.030036583688936306
420,patients,3,3.0,6245,-0.3961351892296167,-0.49132717526682357
421,patients,3,3.0,7037,-0.03408399623606301,-0.042274440766136956
422,patients,3,3.0,7920,0.22339188636726487,0.27707335144804524
423,patients,3,3.0,8904,-0.14298110434462852,-0.17733971640034515
424,patients,3,3.0,10000,0.8895842831143157,1.1033529584542179
425,patients,4,1.0,100,-1.0236720508510617,-1.3048912578750238
426,patients,4,1.0,191,-1.209588544141268,-1.5418820075858093
427,patients,4,1.0,293,-2.031325943281085,-2.5893639111066045
428,patients,4,1.0,406,-0.23170259320830608,-0.2953550290379874
429,patients,4,1.0,533,-0.15638514210148657,-0.1993466605053023
430,patients,4,1.0,673,0.6356310914355578,0.8102491943178943
431,patients,4,1.0,830,1.7605051345296379,2.2441442623952774
432,patients,4,1.0,1004,1.1727200145419125,1.4948850988347029
433,patients,4,1.0,1199,1.6382853126318362,2.088348686067007
434,patients,4,1.0,1416,0.10580886296572564,0.13487626254412605
435,patients,4,1.0,1657,-0.20130832877053723,-0.25661097040962816
436,patients,4,1.0,1926,-0.2407782016995978,-0.3069238534191328
437,patients,4,1.0,2226,0.19150927820591152,0.24411996276062103
438,patients,4,1.0,2560,-0.3569996039661119,-0.45507314758953293
439,patients,4,1.0,2932,0.09356401239044726,0.11926755421182104
440,patients,4,1.0,3346,0.15916235272906248,0.20288681564208513
441,patients,4,1.0,3808,-0.03982034481893448,-0.05075963517475838
442,patients,4,1.0,4322,-0.36813930397320216,-0.4692731026850319
443,patients,4,1.0,4895,-0.11321444178680705,-0.1443162731950953
444,patients,4,1.0,5534,0.1538680231457168,0.19613804841348562
445,patients,4,1.0,6245,0.13075513307343706,0.16667567501521813
446,patients,4,1.0,7037,0.2508013230815075,0.31970048774943466
447,patients,4,1.0,7920,0.4563114674207994,0.5816675801693422
448,patients,4,1.0,8904,-0.5780008860305333,-0.7367870428798067
449,patients,4,1.0,10000,0.060364933079536,0.07694815287006199
450,patients,4,2.0,100,-1.3269142881082057,-1.7329492246794473
451,patients,4,2.0,191,-1.045254492285959,-1.3651017087035469
452,patients,4,2.0,293,-1.7198419317390814,-2.246112479825375
453,patients,4,2.0,406,-0.8948462587620697,-1.1686686504370327
454,patients,4,2.0,533,0.13712912341427252,0.17909054882552988
455,patients,4,2.0,673,1.0782066020267673,1.4081371432743057
456,patients,4,2.0,830,1.3092768643690336,1.7099147603827989
457,patients,4,2.0,1004,0.31514637877172647,0.4115809722206137
458,patients,4,2.0,1199,1.7467190197305458,2.281213939817078
459,patients,4,2.0,1416,-0.17565342650110607,-0.22940326439725345
460,patients,4,2.0,1657,0.02046992903078043,0.02673371442379217
461,patients,4,2.0,1926,-0.15295169923343585,-0.1997548228815003
462,patients,4,2.0,2226,-0.17204428348564016,-0.2246897258918192
463,patients,4,2.0,2560,-0.7097506812896949,-0.926933942817252
464,patients,4,2.0,2932,-0.569029732964676,-0.743152472920146
465,patients,4,2.0,3346,0.7022442888361982,0.9171305989999414
466,patients,4,2.0,3808,0.027171354118392034,0.03548577136816423
467,patients,4,2.0,4322,-0.3209286560633243,-0.4191326227222013
468,patients,4,2.0,4895,0.07137372091794392,0.09321403457308455
469,patients,4,2.0,5534,0.102779868204465,0.1342304431520741
470,patients,4,2.0,6245,0.24086067555494423,0.31456389059899165
471,patients,4,2.0,7037,0.19821320322313962,0.2588663185897948
472,patients,4,2.0,7920,0.21673928552423624,0.283061370408707
473,patients,4,2.0,8904,-0.5475445321388841,-0.71509281417141
474,patients,4,2.0,10000,-0.17642322590738996,-0.230408621937099
475,patients,4,3.0,100,-1.8893300613480188,-1.9827649484261738
476,patients,4,3.0,191,-1.2737962261409845,-1.3367905165431313
477,patients,4,3.0,293,-2.3098393730351106,-2.4240701183153854
478,patients,4,3.0,406,-0.1378378532495947,-0.14465448339641096
479,patients,4,3.0,533,0.39474074452563007,0.41426224457712646
480,patients,4,3.0,673,1.5779810695232523,1.6560185104440701
481,patients,4,3.0,830,1.8525864986267129,1.9442042703665003
482,patients,4,3.0,1004,0.7212020988065418,0.7568684114541259
483,patients,4,3.0,1199,1.8607263014392172,1.9527466188073117
484,patients,4,3.0,1416,0.9877914737497457,1.0366416914511043
485,patients,4,3.0,1657,-0.05634058785676471,-0.059126854042863365
486,patients,4,3.0,1926,-0.07433109791249469,-0.07800706638509389
487,patients,4,3.0,2226,-0.5137916424728111,-0.5392006829990043
488,patients,4,3.0,2560,-0.1623669055240336,-0.17039659487965808
489,patients,4,3.0,2932,-0.09658116424055752,-0.1013574870013644
490,patients,4,3.0,3346,-0.11740712773466583,-0.12321337723361896
491,patients,4,3.0,3808,0.09399424522671991,0.0986426345518169
492,patients,4,3.0,4322,-0.1523957025120956,-0.15993227621444506
493,patients,4,3.0,4895,-0.01677877950960903,-0.017608556900474776
494,patients,4,3.0,5534,0.15095038214011805,0.1584154790007498
495,patients,4,3.0,6245,0.4762698067730845,0.49982324326624405
496,patients,4,3.0,7037,0.29811102538753687,0.31285380144539726
497,patients,4,3.0,7920,0.41801720413879256,0.43868981770932297
498,patients,4,3.0,8904,-0.24907979260549237,-0.2613977791614992
499,patients,4,3.0,10000,-0.4324386195958604,-0.45382442952752683
500,patients,5,1.0,100,-3.5802951387894004,-3.727731467600562
501,patients,5,1.0,191,-1.632035193076316,-1.6992422997617016
502,patients,5,1.0,293,0.23636256414153925,0.24609595967864697
503,patients,5,1.0,406,0.8723099102706635,0.908231577555162
504,patients,5,1.0,533,1.8605124435938414,1.9371282290968517
505,patients,5,1.0,673,0.9526843397831937,0.9919158210238751
506,patients,5,1.0,830,-0.46295520069909923,-0.482019666769399
507,patients,5,1.0,1004,-0.10991528644940578,-0.11444159103774962
508,patients,5,1.0,1199,0.4866515685794035,0.5066918495898124
509,patients,5,1.0,1416,0.42830700170979474,0.4459446571231862
510,patients,5,1.0,1657,0.12225797249404885,0.12729254811803314
511,patients,5,1.0,1926,-0.13019139210228658,-0.13555266544716116
512,patients,5,1.0,2226,0.08105331120597872,0.08439108146763341
513,patients,5,1.0,2560,-0.14579244928229027,-0.1517961731813866
514,patients,5,1.0,2932,-0.4741380721675161,-0.493663048182096
515,patients,5,1.0,3346,-0.4024168470129774,-0.4189883474830246
516,patients,5,1.0,3808,-0.15772133074235245,-0.1642162852303018
517,patients,5,1.0,4322,-0.2866363101191653,-0.29843997535617056
518,patients,5,1.0,4895,0.1323015681058904,0.13774973836597904
519,patients,5,1.0,5534,0.11565193414341934,0.12041447352328218
520,patients,5,1.0,6245,-0.42229091861283174,-0.4396808321023719
521,patients,5,1.0,7037,-0.254383073559174,-0.2648585525415983
522,patients,5,1.0,7920,-0.6392868085198417,-0.6656125991186131
523,patients,5,1.0,8904,0.13335809653911163,0.13884977457368264
524,patients,5,1.0,10000,-0.7021445542736315,-0.7310588228922397
525,patients,6,1.0,100,-1.120168450918138,-1.6097509563904593
526,patients,6,1.0,191,-0.9237790943075069,-1.32752737263415
527,patients,6,1.0,293,-0.7918796710040983,-1.137979789289894
528,patients,6,1.0,406,-1.1924639567901008,-1.713644044635121
529,patients,6,1.0,533,-0.38664502663272415,-0.5556326826518769
530,patients,6,1.0,673,-0.03387885092814494,-0.04868599239542112
531,patients,6,1.0,830,1.8016234026208875,2.5890436327208715
532,patients,6,1.0,1004,0.9401269399092906,1.3510202321865015
533,patients,6,1.0,1199,0.5498260779976145,0.7901338893981734
534,patients,6,1.0,1416,-0.4966061369794532,-0.7136535610307663
535,patients,6,1.0,1657,0.008438709562132718,0.012126944636951924
536,patients,6,1.0,1926,-0.17453317367198917,-0.2508149046780098
537,patients,6,1.0,2226,-0.01196398872410398,-0.0171929876038604
538,patients,6,1.0,2560,-1.0878518408720401,-1.563310000223229
539,patients,6,1.0,2932,0.7082391991377399,1.0177832871749997
540,patients,6,1.0,3346,-0.22256463294662662,-0.319839065678798
541,patients,6,1.0,3808,-0.27904353376503377,-0.40100271971118334
542,patients,6,1.0,4322,0.5680763214314087,0.8163606116360914
543,patients,6,1.0,4895,-0.3489100119989613,-0.5014051458503188
544,patients,6,1.0,5534,0.6410563845362534,0.921237450725934
545,patients,6,1.0,6245,0.2213955132941487,0.31815896883517714
546,patients,6,1.0,7037,-0.355816246432458,-0.5113298294773803
547,patients,6,1.0,7920,-0.2712748072201735,-0.38983858187524045
548,patients,6,1.0,8904,0.11758329758267744,0.1689744302154887
549,patients,6,1.0,10000,0.39711458544358624,0.570678082560219
550,patients,7,1.0,100,0.2843947990260812,0.6468350717372525
551,patients,7,1.0,191,0.4357806754794199,0.9911511231947266
552,patients,7,1.0,293,0.839627613473507,1.9096713071180584
553,patients,7,1.0,406,-0.07701496902191633,-0.17516488762357788
554,patients,7,1.0,533,0.5049437284094772,1.1484574046625473
555,patients,7,1.0,673,-0.13754993934093526,-0.31284722922408
556,patients,7,1.0,830,-0.40405615546450363,-0.9189960336855251
557,patients,7,1.0,1004,0.4091444427058064,0.9305689691049454
558,patients,7,1.0,1199,0.3859127599074836,0.8777302137518556
559,patients,7,1.0,1416,0.6172304209574051,1.403845235516363
560,patients,7,1.0,1657,-0.22192660703433018,-0.5047557595042073
561,patients,7,1.0,1926,-0.4230540952051509,-0.9622054515689886
562,patients,7,1.0,2226,0.09125660850688821,0.20755645009048876
563,patients,7,1.0,2560,0.5347821041171789,1.2163225975476122
564,patients,7,1.0,2932,0.024783363737083303,0.056367939623595424
565,patients,7,1.0,3346,0.10188266591507728,0.23172463681348085
566,patients,7,1.0,3808,-0.4591826417228443,-1.0443771757304834
567,patients,7,1.0,4322,0.15992427484878996,0.36373601116685145
568,patients,7,1.0,4895,-0.6535284860449899,-1.4864025172080657
569,patients,7,1.0,5534,-0.891349438922362,-2.027308798342093
570,patients,7,1.0,6245,-0.1899273239848621,-0.43197574166377856
571,patients,7,1.0,7037,0.5410800533467075,1.2306468202676843
572,patients,7,1.0,7920,-0.6272251043824253,-1.4265774085109233
573,patients,7,1.0,8904,-0.05194703136759228,-0.11814970553702837
574,patients,7,1.0,10000,-0.010542406830346143,-0.02397792963072041
575,tours,1,1.0,100,-0.545701018725782,-0.6558026108688692
576,tours,1,1.0,191,-1.3432553213832956,-1.6142728648071845
577,tours,1,1.0,293,-0.9687837216879133,-1.164247220087106
578,tours,1,1.0,406,-1.6875362024060272,-2.028016458642031
579,tours,1,1.0,533,-2.596613545605507,-3.120510836871395
580,tours,1,1.0,673,-0.03859106021388048,-0.04637726003069464
581,tours,1,1.0,830,1.0154316344004994,1.2203068972706475
582,tours,1,1.0,1004,0.5905399467071808,0.7096883193973682
583,tours,1,1.0,1199,0.509242171864145,0.6119877632862872
584,tours,1,1.0,1416,-0.36103308369912773,-0.43387575022817293
585,tours,1,1.0,1657,0.34910431439814255,0.4195402115658023
586,tours,1,1.0,1926,-0.7993678391865454,-0.9606496927698979
587,tours,1,1.0,2226,-0.09693412864548284,-0.11649172800967522
588,tours,1,1.0,2560,0.1326001784889086,0.159353822460797
589,tours,1,1.0,2932,0.6619844550587551,0.7955475967331677
590,tours,1,1.0,3346,0.1045013705617814,0.12558574989252363
591,tours,1,1.0,3808,0.5079004448287464,0.6103753270571185
592,tours,1,1.0,4322,-0.04012397288168082,-0.04821945583990311
593,tours,1,1.0,4895,-0.3367472265352484,-0.4046899360392063
594,tours,1,1.0,5534,0.17048094132422337,0.20487747427129005
595,tours,1,1.0,6245,0.6171372519157412,0.74165194343197
596,tours,1,1.0,7037,0.35015008886958665,0.42079698332399773
597,tours,1,1.0,7920,0.6522629415035767,0.7838646535970712
598,tours,1,1.0,8904,0.3535908362168152,0.42493194187496663
599,tours,1,1.0,10000,-0.46415669707570095,-0.5578057642356644
600,tours,2,1.0,100,-0.9457165805802574,-1.413432557695689
601,tours,2,1.0,191,0.5936281785709224,0.8872144276490525
602,tours,2,1.0,293,-0.7502149919372687,-1.121243210333623
603,tours,2,1.0,406,-0.8804357205156921,-1.3158662308443405
604,tours,2,1.0,533,0.03441336916825366,0.051432931811945595
605,tours,2,1.0,673,0.6587751112889693,0.9845805917076338
606,tours,2,1.0,830,-1.1724417485972867,-1.7522874965904596
607,tours,2,1.0,1004,-0.7846126492651166,-1.1726526598177478
608,tours,2,1.0,1199,-0.718107821795849,-1.073257037155277
609,tours,2,1.0,1416,1.3027147472679927,1.9469886380221202
610,tours,2,1.0,1657,-0.22106504245636321,-0.33039552736242506
611,tours,2,1.0,1926,0.4635250952666467,0.6927672353559573
612,tours,2,1.0,2226,0.21122387577956506,0.3156872884752927
613,tours,2,1.0,2560,1.1105105051140964,1.6597273811444435
614,tours,2,1.0,2932,-0.09965118299722608,-0.14893492337286698
615,tours,2,1.0,3346,-0.2982876385543183,-0.44580952533596585
616,tours,2,1.0,3808,0.6528024900111606,0.9756541357881858
617,tours,2,1.0,4322,0.8756565663698216,1.3087234861714334
618,tours,2,1.0,4895,-0.09640123363012193,-0.14407767085064827
619,tours,2,1.0,5534,-0.3379722977098542,-0.5051207296050874
620,tours,2,1.0,6245,-0.8248222697765756,-1.2327484516548894
621,tours,2,1.0,7037,0.5162296017245134,0.7715374154442924
622,tours,2,1.0,7920,0.09748664133918473,0.145699880533619
623,tours,2,1.0,8904,-0.11690675969387176,-0.17472446159782806
624,tours,2,1.0,10000,-0.2056030990187237,-0.3072866861844478
